title,slug,content,excerpt,category,cover_image,published,id,created_date,updated_date,created_by_id,created_by,is_sample
"On the Beauty of Euler's Identity","eulers-identity","There's a certain elegance to mathematics that reveals itself in unexpected places. Perhaps nowhere is this more apparent than in Euler's identity:

$$e^{i\pi} + 1 = 0$$

This single equation connects five of the most fundamental constants in mathematics: $e$, $i$, $\pi$, $1$, and $0$.

## The Components

Let's briefly consider each element:

- $e \approx 2.71828...$ — the base of natural logarithms
- $i = \sqrt{-1}$ — the imaginary unit
- $\pi \approx 3.14159...$ — the ratio of circumference to diameter
- $1$ — the multiplicative identity
- $0$ — the additive identity

## Why It Works

The identity emerges from Euler's formula:

$$e^{ix} = \cos(x) + i\sin(x)$$

When we substitute $x = \pi$:

$$e^{i\pi} = \cos(\pi) + i\sin(\pi) = -1 + 0i = -1$$

Therefore, $e^{i\pi} + 1 = 0$.

There's something profound about how these seemingly unrelated constants conspire to produce such a clean result.","Exploring the elegance of mathematics through one of its most beautiful equations.","math","","true","698ab772e7f1f783467ff433","2026-02-10T04:43:30.739000","2026-02-10T04:43:30.739000","698ab4c2a53a66660afe6db3","danielthemanyl3@gmail.com","false"
"Thoughts on Minimalism in Design","minimalism-design","The Japanese concept of *ma* (間) refers to the space between things—the pause, the negative space, the silence. In design, what we choose to leave out often matters more than what we include.

## The Principle of Reduction

Every element should earn its place. If removing something doesn't diminish the whole, it probably shouldn't be there.

This applies beyond visual design:
- In writing, unnecessary words dilute meaning
- In photography, cluttered compositions lose focus
- In code, complexity breeds bugs

## Breathing Room

White space isn't empty—it's active. It guides the eye, creates hierarchy, and allows ideas to resonate.

The goal isn't austerity for its own sake, but clarity. Removing the unnecessary to reveal the essential.","On the value of negative space and intentional restraint.","ideas","","true","698ab772e7f1f783467ff434","2026-02-10T04:43:30.739000","2026-02-10T04:43:30.739000","698ab4c2a53a66660afe6db3","danielthemanyl3@gmail.com","false"